{"cameraMode":{"drawMode":0,"name":"Shaded","section":"Shading Mode"},"sceneLighting":false,"audioPlay":false,"sceneViewState":{"showFog":true,"showMaterialUpdate":false,"showSkybox":true,"showFlares":true,"showImageEffects":true,"showParticleSystems":true},"in2DMode":false,"pivot":{"x":-8.515913963317871,"y":18.79648208618164,"z":132.81907653808595},"rotation":{"x":0.05201178044080734,"y":0.07691609114408493,"z":0.004019157029688358,"w":-0.9956765174865723},"size":143.8976287841797,"orthographic":false}